sec,nm,yrs,opm,netcash,hoard,cyc,per,covid
7034,株式会社プロレド・パートナーズ,8,40.2,True,True,False,18.68,
478A,株式会社フツパー,1,31.61,True,True,False,25.99,
9552,株式会社クオンツ総研ホールディングス,4,28.94,True,True,False,15.42,
248A,株式会社キッズスター,2,21.47,True,True,False,13.5,
4393,株式会社バンク・オブ・イノベーション,8,17.43,True,True,False,10.87,
296A,令和アカウンティング・ホールディングス株式会社,2,34.85,True,True,False,22.41,
3983,株式会社オロ,9,31.83,True,True,False,16.37,
3854,株式会社アイル,19,24.97,True,True,False,,
3920,アイビーシー株式会社,11,23.5,True,True,False,14.32,
7804,株式会社ビーアンドピー,7,15.62,True,True,False,10.78,
3092,株式会社ＺＯＺＯ,19,30.37,True,True,False,20.78,
4825,株式会社ウェザーニューズ,26,21.43,True,True,False,22.41,
8771,イー・ギャランティ株式会社,20,47.16,True,True,False,23.74,
7818,株式会社トランザクション,16,20.79,True,True,False,15.63,
6539,株式会社ＭＳ－Ｊａｐａｎ,10,21.89,True,True,False,23.67,
2492,株式会社インフォマート,20,15.22,True,True,False,53.75,
4054,日本情報クリエイト株式会社,6,19.74,True,False,False,16.55,
2157,株式会社コシダカホールディングス,19,16.59,True,True,False,17.35,True
3741,株式会社セック,23,16.76,True,True,False,19.87,
1717,明豊ファシリティワークス株式会社,23,20.76,True,False,True,11.81,
456A,ＨＵＭＡＮ　ＭＡＤＥ株式会社,3,31.75,True,True,False,10.37,
6196,株式会社ストライクグループ,10,31.18,True,True,False,10.64,
324A,株式会社ブッキングリゾート,4,29.61,True,False,False,10.96,
212A,フィットイージー株式会社,4,23.76,True,True,False,26.55,
368A,株式会社北里(北里コーポレーション),5,53.53,True,True,False,13.93,
2222,寿スピリッツ株式会社,32,23.61,True,True,False,29.93,True
7089,フォースタートアップス株式会社,6,21.26,True,True,False,12.73,
9343,株式会社アイビス,9,24.02,True,True,False,16.15,
4733,株式会社オービックビジネスコンサルタント,27,45.88,True,True,False,30.32,
6101,株式会社ツガミ,77,26.48,True,False,True,19.02,
7079,ＷＤＢココ株式会社,7,19.88,True,True,False,9.34,
2317,株式会社システナ,24,16.28,True,True,False,13.4,False
3763,株式会社プロシップ,21,34.93,True,True,False,20.13,
3679,株式会社じげん,13,20.29,True,True,False,9.75,True
6323,ローツェ株式会社,29,24.19,True,True,True,34.68,
6248,株式会社横田製作所,13,20.36,True,True,False,9.81,
5803,株式会社フジクラ,77,15.96,True,False,True,48.38,
332A,ミーク株式会社,4,18.13,True,True,False,14.21,
6432,株式会社竹内製作所,24,16.73,True,False,True,12.4,
5706,三井金属株式会社,76,17.42,False,False,True,20.0,
5038,株式会社eWeLL,5,45.34,True,True,False,28.15,
3984,株式会社ユーザーローカル,10,43.03,True,True,False,15.54,
6200,株式会社インソース,11,41.2,True,True,False,14.11,
9554,株式会社AViC,5,27.02,True,True,False,15.87,
3989,シェアリングテクノロジー株式会社,10,24.18,True,True,False,22.71,
9467,株式会社アルファポリス,13,20.81,True,True,False,12.6,
4413,株式会社ボードルア,6,19.38,True,True,False,35.2,
5589,株式会社オートサーバー,4,36.9,True,True,False,13.61,
4495,株式会社アイキューブドシステムズ,7,24.14,True,True,False,12.2,
2436,共同ピーアール株式会社,22,15.23,True,True,False,11.6,
4498,サイバートラスト株式会社,6,19.74,True,True,False,20.09,
3940,株式会社ノムラシステムコーポレーション,11,17.65,True,True,False,15.95,
2163,株式会社アルトナー,20,15.12,True,True,False,16.0,
276A,ククレブ・アドバイザーズ株式会社,3,23.99,False,False,True,39.83,
1723,日本電技株式会社,24,25.49,True,True,True,18.95,
6565,ABホテル株式会社,10,39.8,False,True,True,6.39,
8117,中央自動車工業株式会社,49,24.37,True,True,False,11.97,
4971,メック株式会社,26,27.44,True,False,True,25.55,
6239,株式会社ナガオカ,12,17.05,True,False,True,12.42,
4820,株式会社EMシステムズ,26,15.54,True,True,False,25.79,
4071,株式会社プラスアルファ・コンサルティング,5,37.34,True,True,False,23.64,
6777,ｓａｎｔｅｃ　Ｈｏｌｄｉｎｇｓ株式会社,26,32.77,True,True,True,29.07,
441A,ＮＥ株式会社,1,35.91,True,True,False,4.06,
5139,オープンワーク株式会社,4,25.77,True,True,False,22.19,
3798,ＵＬＳグループ株式会社,,18.36,True,True,False,15.73,
3687,株式会社フィックスターズ,12,26.81,True,True,False,40.29,
7792,株式会社コラントッテ,5,26.17,True,False,False,9.84,
7080,株式会社スポーツフィールド,7,22.53,True,True,False,7.32,
4481,ベース株式会社,7,26.39,True,True,False,13.85,
9416,株式会社ビジョン,11,16.57,True,True,False,10.87,
335A,株式会社ミライロ,1,17.07,True,True,False,53.53,
5621,株式会社ヒューマンテクノロジーズ,4,18.29,True,True,False,15.5,
6834,株式会社　精工技研,27,25.7,True,True,True,29.53,
4684,株式会社オービック,29,65.69,True,True,False,23.28,
9168,株式会社ライズ・コンサルティング・グループ,4,20.22,True,False,False,8.83,
4800,オリコン株式会社,27,24.41,True,True,False,27.88,
1965,株式会社テクノ菱和,37,15.98,True,True,True,11.51,
2670,株式会社エービーシー・マート,27,16.71,True,True,False,13.69,
8111,株式会社ゴールドウイン,36,18.8,True,True,False,13.09,
5273,三谷セキサン株式会社,64,17.63,True,True,True,8.9,
5032,ＡＮＹＣＯＬＯＲ株式会社,4,36.23,True,True,False,12.0,
3939,株式会社カナミックネットワーク,9,29.2,True,True,False,16.5,
4493,株式会社サイバーセキュリティクラウド,6,21.7,True,True,False,20.5,
2477,手間いらず株式会社,20,73.59,,,False,12.6,
3901,マークラインズ株式会社,11,37.63,True,True,False,10.2,
7191,株式会社イントラスト,9,22.53,,True,False,13.4,
4776,サイボウズ株式会社,25,26.99,True,True,False,15.1,
4389,プロパティデータバンク株式会社,8,29.91,True,True,False,12.1,
4828,ビジネスエンジニアリング株式会社,25,26.23,True,True,False,15.2,
6037,楽待株式会社,11,48.91,True,True,False,14.4,
6036,ＫｅｅＰｅｒ技研株式会社,11,30.74,True,True,False,7.8,
3913,ＧｒｅｅｎＢｅｅ株式会社,11,17.17,True,True,False,10.9,
4771,株式会社エフアンドエム,26,18.54,True,True,False,12.1,
3640,株式会社電算,16,22.5,True,False,False,7.8,
2303,株式会社ドーン,24,37.77,True,True,False,15.1,
6819,伊豆シャボテンリゾート株式会社,36,20.87,True,True,False,9.0,
7740,株式会社タムロン,41,19.56,True,True,True,13.1,
7317,株式会社松屋アールアンドディ,6,21.81,True,True,True,,
4428,株式会社シノプス,7,15.15,True,True,False,16.6,
3804,株式会社システム　ディ,20,18.64,True,True,False,12.2,
8136,株式会社サンリオ,44,40.12,True,True,False,25.92,
3692,株式会社ＦＦＲＩセキュリティ,12,31.37,True,True,False,35.99,
299A,クラシル株式会社,2,20.37,True,True,False,17.96,
7373,株式会社アイドマ・ホールディングス,5,23.39,True,True,False,9.62,
4262,ニフティライフスタイル株式会社,5,22.72,True,True,False,11.08,
2371,株式会社カカクコム,23,29.02,True,True,False,38.66,
5591,株式会社ＡＶＩＬＥＮ,3,16.39,True,True,False,46.54,
3969,株式会社エイトレッド,10,36.18,True,True,False,14.6,
9757,株式会社船井総研ホールディングス,38,26.45,True,True,False,13.25,
5126,ポーターズ株式会社,4,16.8,True,True,False,18.44,
3836,株式会社アバントグループ,19,16.31,True,True,False,11.96,
4686,株式会社ジャストシステム,29,43.66,True,True,False,15.85,
3712,株式会社情報企画,23,40.0,True,False,False,12.92,
5869,株式会社早稲田学習研究会,3,19.84,True,True,False,13.29,
6284,日精エー・エス・ビー機械株式会社,36,24.38,True,True,True,16.07,
4722,フューチャー株式会社,27,21.29,True,True,False,16.23,
6055,ジャパンマテリアル株式会社,15,25.25,True,False,True,21.71,
6590,芝浦メカトロニクス株式会社,57,17.34,True,False,True,29.72,
7085,株式会社カーブスホールディングス,6,16.89,True,False,False,17.94,
3914,ＪＩＧ－ＳＡＷ株式会社,11,15.17,True,True,False,32.8,
6920,レーザーテック株式会社,36,48.85,True,False,True,43.76,
3923,株式会社ラクス,11,28.77,True,True,False,26.03,
446A,株式会社ノースサンド,1,11.48,True,True,False,,False
3496,株式会社アズーム,8,19.39,True,True,False,25.8,
5570,株式会社ジェノバ,3,56.66,True,True,False,15.78,
2127,株式会社日本Ｍ＆Ａセンターホールディングス,20,37.33,True,True,False,16.87,
2124,株式会社ジェイエイシーリクルートメント,20,25.35,True,True,True,16.13,
6226,守谷輸送機工業株式会社,4,25.74,True,False,True,11.15,
9697,株式会社カプコン,36,38.54,True,True,False,25.78,
4716,日本オラクル株式会社,27,31.5,True,False,False,16.75,
6194,株式会社アトラエ,10,24.27,True,True,True,,
6090,ヒューマン・メタボローム・テクノロジーズ株式会社,13,17.18,True,True,False,28.38,
2749,株式会社ＪＰホールディングス,24,15.08,True,True,False,12.42,
343A,株式会社ＩＡＣＥトラベル,1,25.01,True,False,True,11.36,True
3733,株式会社ソフトウェア・サービス,22,19.83,True,False,False,9.0,
6871,株式会社日本マイクロニクス,29,23.57,True,False,True,40.28,
6356,日本ギア工業株式会社,65,24.86,,,True,49.72,
4287,株式会社ジャストプランニング,25,27.75,True,True,False,10.92,
4743,株式会社アイティフォー,26,16.71,True,True,False,16.15,
3694,株式会社オプティム,12,16.79,True,False,False,19.07,
5132,株式会社ｐｌｕｓｚｅｒｏ,8,33.41,True,True,False,41.71,True
3922,株式会社ＰＲ　ＴＩＭＥＳ,16,37.95,True,True,False,11.9,False
4431,株式会社スマレジ,13,24.1,True,True,False,25.1,False
7378,株式会社アシロ,10,21.35,True,True,False,13.04,False
338A,株式会社ＺｅｎｍｕＴｅｃｈ,7,16.92,True,True,False,22.93,
476A,辻・本郷ＩＴコンサルティング株式会社,6,15.09,True,True,False,21.11,
3921,株式会社ネオジャパン,16,30.35,True,True,False,12.36,False
4372,ユミルリンク株式会社,10,21.97,True,True,False,13.08,False
334A,株式会社ビジュアル・プロセッシング・ジャパン,7,18.95,True,True,False,7.42,
9766,コナミグループ株式会社,19,27.53,True,True,False,24.83,True
4391,ロジザード株式会社,13,18.74,True,True,False,15.32,False
3649,株式会社ファインデックス,18,29.3,True,True,False,16.83,True
7595,株式会社アルゴグラフィックス,19,15.02,True,True,True,4.91,True
5344,株式会社ＭＡＲＵＷＡ,19,33.54,True,False,True,39.1,True
6544,ジャパンエレベーターサービスホールディングス株式,12,19.11,True,False,False,40.71,False
6040,日本スキー場開発株式会社,16,21.47,True,False,False,12.55,True
6855,日本電子材料株式会社,19,24.69,True,True,True,14.74,False
6231,木村工機株式会社,12,25.61,False,False,True,13.68,True
6149,株式会社小田原エンジニアリング,18,16.73,True,False,True,4.65,True
1736,株式会社　オーテック,19,15.08,True,True,True,11.12,True
